EmployeeNumber,Age,Attrition,NumCompaniesWorked,TotalWorkingYears,YearsAtCompany,YearsInCurrentRole,YearsSinceLastPromotion,YearsWithCurrManager,NoveltySeeking
720,24,1,9,4,2,2,2,0,2.66666666666667
1173,24,0,8,6,4,3,1,2,3
7,27,0,9,6,2,2,2,2,3
1001,27,0,9,4,2,2,2,2,3
495,29,0,9,6,3,2,1,2,3.22222222222222
1650,29,0,9,8,5,2,1,4,3.22222222222222
1709,29,0,9,9,5,3,1,2,3.22222222222222
2027,29,1,9,4,2,2,2,2,3.22222222222222
1037,26,1,8,7,2,2,2,2,3.25
514,30,1,9,3,1,0,0,0,3.33333333333333
861,30,0,9,10,5,4,0,3,3.33333333333333
1816,30,0,9,9,7,7,0,2,3.33333333333333
764,27,0,8,9,7,6,0,7,3.375
1364,27,0,8,5,1,0,0,0,3.375
337,31,0,9,9,2,2,2,2,3.44444444444444
613,31,0,9,10,5,4,0,1,3.44444444444444
1046,32,0,9,10,8,7,7,7,3.55555555555556
854,25,0,7,6,4,3,0,1,3.57142857142857
1753,29,0,8,10,3,2,0,2,3.625
1859,29,0,8,11,7,0,1,6,3.625
872,22,0,6,4,2,2,2,2,3.66666666666667
72,26,0,7,5,2,2,0,0,3.71428571428571
1211,30,0,8,8,4,3,0,3,3.75
1479,30,0,8,4,2,1,2,2,3.75
523,34,0,9,6,3,2,1,2,3.77777777777778
1580,34,0,9,9,2,2,2,1,3.77777777777778
1647,27,0,7,5,3,2,0,2,3.85714285714286
246,31,0,8,7,4,2,0,2,3.875
1916,31,0,8,4,2,2,2,2,3.875
496,35,0,9,10,1,1,0,0,3.88888888888889
600,35,0,9,15,11,9,6,9,3.88888888888889
1639,35,1,9,15,13,12,6,0,3.88888888888889
741,28,1,7,10,7,7,3,7,4
1504,28,1,7,8,0,0,0,0,4
631,32,1,8,6,4,2,1,2,4
1853,32,0,8,4,0,0,0,0,4
1966,32,0,8,8,1,0,0,0,4
51,36,0,9,6,1,1,0,0,4
742,36,0,9,10,8,7,0,5,4
1294,36,0,9,18,16,14,5,12,4
1614,36,0,9,7,3,2,1,1,4
1502,33,0,8,8,5,4,0,2,4.125
1756,33,0,8,13,11,7,1,7,4.125
1992,25,0,6,7,2,2,0,2,4.16666666666667
271,38,0,9,14,1,0,0,0,4.22222222222222
393,38,0,9,10,2,2,1,2,4.22222222222222
502,34,1,8,9,5,2,0,4,4.25
475,30,0,7,4,2,2,2,2,4.28571428571429
747,30,0,7,10,8,7,7,7,4.28571428571429
1298,30,0,7,10,8,4,1,7,4.28571428571429
1428,30,0,7,8,3,2,0,2,4.28571428571429
796,26,1,6,6,4,3,1,2,4.33333333333333
1053,26,1,6,6,3,2,1,2,4.33333333333333
1132,39,0,9,9,5,4,0,3,4.33333333333333
593,22,1,5,4,2,2,1,2,4.4
1379,31,1,7,3,1,0,0,0,4.42857142857143
1613,31,0,7,10,5,2,0,3,4.42857142857143
287,40,0,9,5,3,2,0,2,4.44444444444444
1166,40,0,9,20,18,7,2,13,4.44444444444444
1340,40,0,9,6,4,2,0,0,4.44444444444444
218,27,0,6,6,2,2,2,2,4.5
304,36,0,8,16,13,11,3,7,4.5
190,32,1,7,10,5,4,0,4,4.57142857142857
439,32,0,7,10,7,7,0,7,4.57142857142857
1862,32,1,7,7,2,2,2,2,4.57142857142857
828,28,1,6,5,2,2,2,1,4.66666666666667
827,42,0,9,8,4,3,0,2,4.66666666666667
1911,42,0,9,18,13,7,5,7,4.66666666666667
328,33,1,7,13,9,7,1,7,4.71428571428571
582,33,1,7,15,7,6,7,7,4.71428571428571
584,33,1,7,8,4,3,1,3,4.71428571428571
1036,38,0,8,19,1,0,0,0,4.75
1767,43,1,9,6,1,0,0,0,4.77777777777778
896,29,1,6,5,3,2,0,2,4.83333333333333
912,29,0,6,8,4,3,0,3,4.83333333333333
994,29,1,6,3,0,0,0,0,4.83333333333333
1522,29,1,6,11,9,7,0,7,4.83333333333333
1558,29,0,6,5,1,0,0,0,4.83333333333333
1485,34,0,7,16,14,8,6,9,4.85714285714286
1871,39,0,8,7,2,2,2,2,4.875
852,44,0,9,10,5,2,2,3,4.88888888888889
538,25,1,5,6,2,2,0,2,5
381,35,0,7,10,7,7,6,2,5
2003,35,0,7,5,2,2,2,2,5
281,40,0,8,15,7,2,3,7,5
964,40,0,8,3,1,1,0,0,5
2012,40,0,8,8,1,0,0,0,5
264,45,0,9,22,20,8,11,8,5
452,45,0,9,12,10,9,9,8,5
1069,46,0,9,23,2,2,2,2,5.11111111111111
1,41,1,8,8,6,4,0,5,5.125
27,36,1,7,10,5,3,0,3,5.14285714285714
419,36,0,7,11,9,8,0,8,5.14285714285714
1052,36,1,7,9,1,0,0,0,5.14285714285714
1790,36,0,7,15,12,8,5,7,5.14285714285714
2025,36,0,7,18,4,2,0,2,5.14285714285714
1464,31,1,6,7,2,2,2,2,5.16666666666667
618,26,0,5,8,0,0,0,0,5.2
746,47,0,9,28,22,2,11,13,5.22222222222222
1595,42,0,8,24,1,0,0,1,5.25
1768,42,0,8,7,5,3,0,4,5.25
460,37,0,7,8,6,2,0,4,5.28571428571429
1161,37,0,7,9,6,2,1,3,5.28571428571429
1394,37,0,7,8,6,4,1,3,5.28571428571429
951,32,0,6,5,3,0,0,2,5.33333333333333
1720,32,0,6,10,5,2,1,3,5.33333333333333
1734,32,1,6,10,0,0,0,0,5.33333333333333
64,48,1,9,23,1,0,0,0,5.33333333333333
451,43,0,8,10,1,0,0,0,5.375
1126,43,0,8,18,8,7,0,1,5.375
1188,43,1,8,7,4,3,1,3,5.375
274,27,0,5,6,2,2,2,0,5.4
107,38,0,7,17,13,11,1,9,5.42857142857143
282,38,1,7,17,1,0,0,0,5.42857142857143
1125,38,0,7,10,1,0,0,0,5.42857142857143
1668,38,0,7,19,13,11,2,9,5.42857142857143
1687,38,0,7,7,0,0,0,0,5.42857142857143
396,49,0,9,22,3,2,1,2,5.44444444444444
305,33,0,6,7,3,2,1,1,5.5
428,33,0,6,12,10,6,8,8,5.5
1395,33,0,6,8,5,4,1,2,5.5
1798,33,0,6,14,10,8,7,6,5.5
997,50,0,9,32,5,4,1,3,5.55555555555556
332,39,0,7,7,3,2,1,2,5.57142857142857
932,39,1,7,8,2,2,2,2,5.57142857142857
1127,39,1,7,21,18,7,11,5,5.57142857142857
1800,39,0,7,9,4,3,2,2,5.57142857142857
2014,39,0,7,18,7,7,1,7,5.57142857142857
19,28,1,5,6,4,2,0,3,5.6
440,28,1,5,5,3,2,2,2,5.6
930,28,0,5,6,2,2,2,2,5.6
1960,28,1,5,6,4,1,0,3,5.6
206,45,0,8,20,17,9,0,15,5.625
2046,45,0,8,8,5,3,0,1,5.625
151,34,0,6,12,1,0,0,0,5.66666666666667
216,34,0,6,6,4,3,1,2,5.66666666666667
339,34,0,6,13,11,9,5,9,5.66666666666667
1081,51,1,9,18,10,0,2,7,5.66666666666667
215,40,0,7,15,12,11,2,11,5.71428571428571
516,40,0,7,8,5,4,1,3,5.71428571428571
601,40,0,7,22,20,6,5,13,5.71428571428571
1239,40,0,7,7,5,1,1,3,5.71428571428571
1080,46,0,8,19,16,13,1,7,5.75
1204,46,0,8,28,26,15,15,9,5.75
1527,46,0,8,23,13,12,5,1,5.75
1801,46,0,8,6,2,2,2,2,5.75
1319,52,1,9,10,8,7,7,7,5.77777777777778
1409,52,0,9,12,5,4,0,4,5.77777777777778
565,29,1,5,6,2,2,1,1,5.8
1487,29,1,5,7,5,3,0,0,5.8
984,35,0,6,12,10,9,0,8,5.83333333333333
1172,35,0,6,10,8,0,1,7,5.83333333333333
1645,35,1,6,7,2,2,2,2,5.83333333333333
599,41,0,7,16,14,3,1,10,5.85714285714286
625,41,0,7,22,18,16,11,8,5.85714285714286
1827,47,0,8,28,22,11,14,10,5.875
1934,47,0,8,16,8,7,1,7,5.875
197,30,0,5,8,3,2,2,2,6
297,30,1,5,8,5,2,0,4,6
299,30,1,5,9,6,3,0,1,6
833,30,0,5,12,0,0,0,0,6
982,30,0,5,10,8,4,7,7,6
13,36,0,6,17,7,7,7,7,6
178,36,0,6,7,3,2,0,1,6
1585,36,0,6,15,1,0,0,0,6
1664,36,0,6,13,5,4,0,4,6
1682,36,0,6,10,3,2,0,2,6
936,42,0,7,10,5,4,0,3,6
1171,42,0,7,9,6,4,1,5,6
1557,48,0,8,18,8,7,7,7,6
1576,48,0,8,10,8,2,7,6,6
126,54,0,9,16,4,3,0,3,6
799,54,0,9,9,5,3,1,4,6
499,49,0,8,26,5,2,0,0,6.125
525,43,0,7,8,3,2,1,2,6.14285714285714
1866,43,0,7,21,16,12,6,14,6.14285714285714
4,37,1,6,7,0,0,0,0,6.16666666666667
342,37,1,6,17,1,0,0,0,6.16666666666667
486,37,0,6,17,5,4,0,3,6.16666666666667
635,37,0,6,8,6,5,4,3,6.16666666666667
161,56,1,9,7,5,4,4,3,6.22222222222222
532,56,0,9,36,7,7,7,7,6.22222222222222
1415,25,0,4,7,3,2,0,2,6.25
1267,44,0,7,26,22,9,3,10,6.28571428571429
1481,44,0,7,11,1,0,0,0,6.28571428571429
773,38,0,6,6,1,0,0,1,6.33333333333333
803,38,0,6,17,15,7,4,12,6.33333333333333
865,32,0,5,9,5,3,1,3,6.4
1955,32,0,5,9,5,1,1,2,6.4
918,58,1,9,3,1,0,0,0,6.44444444444444
1307,39,0,6,21,19,9,15,2,6.5
1929,39,0,6,10,3,2,1,2,6.5
813,52,0,8,9,5,2,1,4,6.5
288,46,0,7,17,4,2,0,3,6.57142857142857
1789,46,0,7,24,2,1,2,2,6.57142857142857
325,33,1,5,8,5,4,0,4,6.6
819,33,1,5,6,3,2,0,2,6.6
1771,33,0,5,11,9,8,1,7,6.6
521,40,0,6,20,1,0,0,0,6.66666666666667
832,40,0,6,10,1,0,0,0,6.66666666666667
1641,40,0,6,18,4,2,3,3,6.66666666666667
1438,47,0,7,17,6,5,1,2,6.71428571428571
1716,47,1,7,25,23,5,14,10,6.71428571428571
1731,47,0,7,4,1,0,0,0,6.71428571428571
1013,54,0,8,22,10,7,0,8,6.75
808,34,0,5,6,3,2,1,2,6.8
1431,34,0,5,10,4,3,1,3,6.8
1447,34,0,5,7,5,4,0,2,6.8
1779,34,0,5,6,2,2,2,2,6.8
466,41,0,6,8,5,4,1,2,6.83333333333333
1025,41,0,6,8,2,2,2,1,6.83333333333333
1210,41,1,6,5,1,0,0,0,6.83333333333333
664,48,0,7,21,3,2,0,2,6.85714285714286
1024,48,0,7,27,15,11,4,8,6.85714285714286
254,55,0,8,36,24,15,2,15,6.875
1770,55,0,8,34,1,0,0,0,6.875
1873,55,0,8,19,5,2,0,4,6.875
269,35,0,5,10,6,2,1,2,7
752,42,1,6,7,2,2,2,2,7
1029,42,0,6,21,1,0,0,0,7
1292,42,0,6,18,1,0,0,0,7
1998,42,0,6,9,4,3,1,2,7
431,49,0,7,25,7,1,0,7,7
2032,56,1,8,14,10,9,9,8,7
738,50,0,7,4,2,2,2,2,7.14285714285714
2044,50,1,7,12,6,3,0,1,7.14285714285714
843,43,0,6,22,4,1,1,0,7.16666666666667
155,36,0,5,7,1,0,0,0,7.2
1733,36,1,5,16,2,2,2,2,7.2
611,29,0,4,8,3,2,1,2,7.25
793,29,0,4,11,8,7,1,1,7.25
1120,29,0,4,11,7,5,1,7,7.25
2053,29,0,4,10,4,3,0,3,7.25
162,51,0,7,23,20,18,15,15,7.28571428571429
2020,44,0,6,6,4,3,1,2,7.33333333333333
139,37,0,5,17,1,0,0,0,7.4
900,37,0,5,10,5,4,0,0,7.4
970,37,1,5,17,14,1,11,7,7.4
1033,37,1,5,15,1,0,0,0,7.4
1885,37,0,5,16,5,3,0,4,7.4
316,52,0,7,6,2,2,2,2,7.42857142857143
1118,52,0,7,18,8,6,4,0,7.42857142857143
562,30,0,4,9,5,3,1,4,7.5
1004,30,1,4,7,5,2,0,1,7.5
302,45,0,6,23,19,7,12,8,7.5
732,60,0,8,10,2,2,2,2,7.5
682,53,0,7,18,14,7,8,10,7.57142857142857
862,53,0,7,35,5,2,0,4,7.57142857142857
24,38,0,5,6,3,2,1,2,7.6
113,23,0,3,3,0,0,0,0,7.66666666666667
575,46,0,6,26,3,2,0,1,7.66666666666667
1007,46,0,6,13,8,7,0,7,7.66666666666667
1727,46,0,6,19,10,7,0,9,7.66666666666667
578,54,0,7,19,1,0,0,0,7.71428571428571
1245,54,0,7,33,5,4,1,4,7.71428571428571
163,31,1,4,12,7,7,7,7,7.75
416,31,0,4,10,8,7,7,7,7.75
438,31,0,4,13,7,7,1,7,7.75
604,31,0,4,10,6,5,0,5,7.75
653,31,0,4,13,7,7,5,7,7.75
1979,31,0,4,13,11,7,4,8,7.75
1676,47,0,6,29,3,2,1,2,7.83333333333333
1074,55,0,7,31,9,7,6,2,7.85714285714286
362,32,0,4,9,6,2,0,4,8
1235,32,0,4,10,8,7,0,7,8
1446,32,0,4,7,4,3,0,3,8
1574,32,0,4,9,6,5,1,2,8
729,40,0,5,20,18,13,1,12,8
1212,40,0,5,5,0,0,0,0,8
1375,40,0,5,15,12,11,11,8,8
1263,48,0,6,25,1,0,0,0,8
762,56,0,7,30,10,7,1,1,8
1138,49,0,6,22,9,8,2,3,8.16666666666667
1909,41,0,5,14,5,4,1,4,8.2
39,33,0,4,7,1,1,0,0,8.25
612,33,0,4,10,6,1,0,5,8.25
1099,33,0,4,9,3,2,1,2,8.25
1108,33,1,4,5,2,2,2,2,8.25
825,58,1,7,40,31,15,13,8,8.28571428571429
1360,58,1,7,31,10,9,5,9,8.28571428571429
1358,25,0,3,7,3,2,1,2,8.33333333333333
1439,25,1,3,6,3,2,2,2,8.33333333333333
491,50,0,6,20,4,3,1,3,8.33333333333333
404,42,0,5,23,20,4,4,8,8.4
875,42,0,5,8,2,1,2,2,8.4
1803,42,0,5,10,0,0,0,0,8.4
2031,42,0,5,24,22,6,4,14,8.4
81,59,0,7,28,21,16,7,9,8.42857142857143
91,59,0,7,20,4,3,1,3,8.42857142857143
1285,34,0,4,15,11,8,5,10,8.5
1377,34,0,4,10,8,7,7,7,8.5
1807,34,1,4,11,7,1,0,7,8.5
327,43,0,5,22,17,13,1,9,8.6
1076,43,0,5,18,1,0,0,0,8.6
1599,43,0,5,8,6,4,0,2,8.6
792,26,0,3,5,2,2,2,0,8.66666666666667
88,35,0,4,5,3,2,1,2,8.75
586,35,0,4,10,8,7,0,0,8.75
652,35,0,4,9,3,2,0,2,8.75
1243,35,0,4,16,13,2,4,12,8.75
68,44,0,5,9,4,3,1,3,8.8
1496,44,0,5,16,2,2,2,2,8.8
901,53,0,6,33,12,9,3,8,8.83333333333333
981,53,0,6,22,17,13,15,2,8.83333333333333
1968,53,1,6,15,2,2,2,2,8.83333333333333
1371,27,0,3,8,6,2,0,0,9
238,36,0,4,13,8,7,7,2,9
397,36,0,4,10,8,0,7,7,9
407,36,0,4,4,1,0,0,0,9
479,36,0,4,7,1,0,0,0,9
481,36,0,4,16,13,9,1,12,9
501,36,0,4,6,2,2,2,2,9
958,36,0,4,16,11,8,3,9,9
990,36,0,4,12,7,7,0,7,9
1436,36,0,4,11,3,2,0,2,9
1651,36,0,4,9,3,2,0,2,9
1847,36,0,4,15,1,0,0,0,9
2045,36,0,4,8,6,3,0,0,9
2061,36,0,4,17,5,2,0,3,9
192,45,0,5,9,6,5,0,3,9
1070,54,0,6,13,9,4,7,0,9
1422,54,0,6,29,20,7,12,7,9
1980,54,0,6,9,5,2,1,4,9
1372,55,1,6,24,19,7,3,8,9.16666666666667
624,46,0,5,28,2,2,1,2,9.2
1217,46,0,5,25,4,2,0,3,9.2
1869,46,1,5,14,8,7,0,7,9.2
61,37,0,4,8,1,0,0,0,9.25
102,37,0,4,16,5,2,0,2,9.25
311,37,0,4,13,9,8,5,8,9.25
378,37,0,4,7,5,4,0,1,9.25
474,37,0,4,13,7,7,6,7,9.25
623,37,0,4,12,6,5,1,2,9.25
656,37,0,4,17,3,0,1,0,9.25
868,37,0,4,9,1,0,0,0,9.25
1411,37,0,4,8,3,2,0,2,9.25
1097,28,0,3,10,8,7,1,7,9.33333333333333
1486,28,1,3,5,3,2,1,2,9.33333333333333
1933,28,1,3,6,2,0,2,2,9.33333333333333
574,47,0,5,20,5,0,0,4,9.4
230,38,0,4,12,8,3,0,7,9.5
743,38,0,4,10,1,0,0,0,9.5
1573,38,1,4,7,5,2,1,4,9.5
1760,38,0,4,9,6,1,0,5,9.5
1961,38,0,4,20,1,0,0,0,9.5
1258,48,0,5,7,1,0,0,0,9.6
1264,29,0,3,9,7,7,1,7,9.66666666666667
1299,29,1,3,10,7,7,7,7,9.66666666666667
1544,29,0,3,9,7,7,0,7,9.66666666666667
1883,29,0,3,11,3,2,1,2,9.66666666666667
182,39,0,4,17,15,11,5,9,9.75
445,39,1,4,12,1,0,0,0,9.75
1525,39,0,4,9,2,0,2,2,9.75
1654,39,0,4,7,5,4,1,0,9.75
2062,39,0,4,9,7,7,1,7,9.75
1283,59,0,6,25,9,7,5,4,9.83333333333333
806,30,0,3,7,2,2,0,2,10
1568,30,0,3,9,4,2,1,3,10
1763,30,0,3,10,7,0,1,7,10
986,40,1,4,22,1,0,0,0,10
1092,40,0,4,14,11,10,11,1,10
1802,40,0,4,7,4,3,0,2,10
1822,40,0,4,12,5,3,0,3,10
80,50,0,5,29,27,3,13,8,10
815,50,0,5,30,4,3,0,3,10
1656,50,0,5,19,14,11,1,11,10
296,51,0,5,16,10,9,4,7,10.2
408,51,0,5,13,4,1,1,2,10.2
199,41,0,4,21,7,6,7,7,10.25
227,41,0,4,13,9,8,1,8,10.25
927,41,1,4,10,7,7,1,0,10.25
76,31,0,3,10,7,7,1,7,10.3333333333333
175,31,1,3,4,2,2,2,2,10.3333333333333
587,31,1,3,12,1,0,0,0,10.3333333333333
895,31,0,3,8,6,4,0,2,10.3333333333333
941,31,0,3,13,7,7,5,2,10.3333333333333
1430,31,0,3,9,3,2,1,0,10.3333333333333
591,42,0,4,8,2,2,2,0,10.5
1148,42,0,4,16,1,0,0,0,10.5
1542,42,0,4,4,1,0,0,0,10.5
1860,42,0,4,8,0,0,0,0,10.5
897,53,0,5,28,2,0,2,2,10.6
231,32,0,3,8,5,4,1,4,10.6666666666667
727,32,0,3,10,7,7,7,7,10.6666666666667
1555,32,0,3,12,7,1,2,5,10.6666666666667
1607,32,0,3,6,3,2,0,2,10.6666666666667
1739,32,0,3,10,4,3,0,2,10.6666666666667
1939,32,1,3,8,4,1,0,3,10.6666666666667
171,43,0,4,18,3,2,1,2,10.75
262,43,0,4,7,5,4,2,2,10.75
526,43,0,4,8,5,2,0,2,10.75
661,43,0,4,21,1,0,0,0,10.75
902,43,0,4,12,5,2,2,2,10.75
920,43,0,4,4,1,0,0,0,10.75
1813,43,0,4,7,3,2,1,2,10.75
446,33,0,3,9,7,7,0,1,11
692,33,0,3,15,13,11,4,7,11
939,33,0,3,6,3,2,0,2,11
995,33,0,3,5,3,2,0,2,11
132,44,0,4,17,3,2,1,2,11
671,44,0,4,26,2,2,0,1,11
1333,44,1,4,10,3,2,1,2,11
787,55,1,5,24,5,2,1,4,11
1694,55,0,5,8,4,2,1,2,11
101,45,0,4,17,0,0,0,0,11.25
240,45,0,4,9,5,4,0,3,11.25
341,45,0,4,9,3,2,0,2,11.25
864,45,0,4,18,5,4,0,2,11.25
1195,45,0,4,7,3,2,0,2,11.25
1465,45,0,4,10,3,1,1,2,11.25
1546,45,0,4,8,5,4,0,3,11.25
1845,45,0,4,10,8,7,5,7,11.25
1922,45,0,4,12,4,2,0,3,11.25
579,34,0,3,14,7,3,5,7,11.3333333333333
757,34,0,3,10,5,1,4,3,11.3333333333333
775,34,0,3,7,0,0,0,0,11.3333333333333
1115,34,0,3,6,0,0,0,0,11.3333333333333
1478,34,0,3,15,13,9,3,12,11.3333333333333
1915,34,0,3,9,4,2,0,1,11.3333333333333
705,23,0,2,5,3,2,0,2,11.5
1592,23,0,2,4,2,2,2,2,11.5
62,46,0,4,14,9,6,0,8,11.5
1457,46,1,4,28,7,7,4,3,11.5
1732,46,0,4,13,10,6,0,3,11.5
1821,46,1,4,13,9,7,3,7,11.5
75,35,0,3,4,2,2,2,2,11.6666666666667
261,35,1,3,8,1,0,0,1,11.6666666666667
826,35,0,3,7,2,2,2,2,11.6666666666667
845,35,0,3,17,8,5,1,6,11.6666666666667
899,35,0,3,16,13,10,4,8,11.6666666666667
1218,35,0,3,15,7,7,1,7,11.6666666666667
1587,35,0,3,10,5,2,0,4,11.6666666666667
1667,35,1,3,13,11,9,6,7,11.6666666666667
447,47,0,4,21,3,2,1,1,11.75
785,47,1,4,8,5,4,1,3,11.75
1856,47,0,4,7,2,2,2,0,11.75
1254,59,0,5,13,6,1,0,5,11.8
45,24,1,2,6,2,0,2,0,12
1494,24,1,2,4,0,0,0,0,12
97,36,0,3,5,1,0,0,0,12
1312,36,0,3,10,7,7,1,7,12
1425,36,0,3,15,5,4,0,1,12
1556,36,0,3,7,3,2,1,2,12
1594,36,0,3,9,3,2,0,2,12
1710,36,0,3,17,13,7,6,7,12
945,48,0,4,13,0,0,0,0,12
1466,48,0,4,15,2,2,2,2,12
1867,48,0,4,29,22,10,12,9,12
549,60,0,5,33,29,8,11,10,12
944,49,0,4,29,26,9,1,7,12.25
1509,49,0,4,10,3,2,1,2,12.25
1674,49,0,4,17,2,2,2,2,12.25
1677,49,0,4,23,8,7,0,0,12.25
529,37,0,3,15,13,11,10,7,12.3333333333333
715,37,0,3,4,1,0,0,0,12.3333333333333
1062,37,0,3,8,4,3,0,1,12.3333333333333
1631,37,0,3,9,4,3,0,2,12.3333333333333
183,25,0,2,6,2,2,2,2,12.5
1399,25,0,2,6,3,2,1,2,12.5
174,50,0,4,16,2,2,2,1,12.5
1030,50,0,4,8,1,0,0,0,12.5
1317,50,0,4,25,3,2,1,2,12.5
1591,50,0,4,27,1,0,0,0,12.5
2055,50,1,4,20,3,2,2,0,12.5
193,38,0,3,19,3,2,2,2,12.6666666666667
273,38,0,3,9,7,7,1,7,12.6666666666667
361,38,0,3,13,8,7,7,5,12.6666666666667
421,38,0,3,19,10,8,0,1,12.6666666666667
634,38,0,3,18,1,0,0,0,12.6666666666667
662,38,0,3,8,0,0,0,0,12.6666666666667
1060,38,0,3,8,2,2,2,2,12.6666666666667
1355,38,0,3,11,7,7,1,7,12.6666666666667
1638,38,0,3,10,5,4,0,2,12.6666666666667
1766,38,0,3,15,1,0,1,0,12.6666666666667
2015,38,0,3,20,18,16,1,11,12.6666666666667
500,51,0,4,18,7,7,0,7,12.75
1282,51,0,4,31,29,10,11,10,12.75
394,26,1,2,5,3,2,0,2,13
42,39,1,3,19,1,0,0,0,13
1390,39,0,3,8,5,4,1,4,13
1397,39,0,3,13,6,4,0,5,13
32,53,0,4,26,14,13,4,8,13.25
1472,53,0,4,35,9,8,8,8,13.25
1775,53,0,4,27,3,2,0,2,13.25
483,40,0,3,10,7,7,1,7,13.3333333333333
615,40,0,3,20,1,0,0,1,13.3333333333333
1180,40,0,3,16,1,1,0,0,13.3333333333333
1361,40,0,3,7,4,2,0,3,13.3333333333333
1449,40,0,3,11,8,7,0,7,13.3333333333333
1534,40,1,3,15,5,4,1,0,13.3333333333333
1552,40,0,3,8,2,2,2,2,13.3333333333333
1649,40,1,3,10,4,2,0,3,13.3333333333333
1986,40,0,3,15,11,8,5,10,13.3333333333333
1648,27,0,2,6,4,2,1,2,13.5
522,54,0,4,24,4,2,1,2,13.5
1830,54,0,4,14,7,1,1,7,13.5
176,41,0,3,12,9,7,0,7,13.6666666666667
298,41,0,3,16,1,0,0,0,13.6666666666667
1158,41,0,3,6,1,0,0,0,13.6666666666667
1392,41,0,3,12,6,2,3,3,13.6666666666667
1678,41,0,3,21,2,0,0,2,13.6666666666667
1814,41,0,3,11,3,2,1,2,13.6666666666667
1999,41,0,3,12,5,3,1,0,13.6666666666667
842,55,1,4,12,9,7,7,3,13.75
1336,55,0,4,23,19,9,9,11,13.75
364,28,1,2,5,0,0,0,0,14
1301,28,0,2,5,3,2,1,2,14
347,42,0,3,10,3,2,0,2,14
477,42,0,3,14,1,0,0,0,14
517,42,0,3,8,5,2,1,2,14
1242,42,0,3,20,1,0,0,0,14
1854,42,0,3,10,6,3,3,3,14
1943,42,0,3,14,0,0,0,0,14
112,56,0,4,37,6,4,0,2,14
241,56,0,4,19,2,2,2,2,14
1191,56,0,4,28,5,2,4,2,14
1373,56,0,4,33,19,16,15,9,14
1935,56,0,4,6,0,0,0,0,14
663,43,0,3,10,8,7,4,7,14.3333333333333
754,43,0,3,7,2,2,2,2,14.3333333333333
1255,43,0,3,25,8,7,0,7,14.3333333333333
1293,43,0,3,23,21,7,15,17,14.3333333333333
349,29,0,2,10,3,2,0,2,14.5
366,29,0,2,10,0,0,0,0,14.5
214,58,0,4,9,1,0,0,0,14.5
977,58,1,4,7,1,0,0,0,14.5
1824,58,0,4,37,16,9,14,14,14.5
1938,58,0,4,29,1,0,0,0,14.5
36,44,0,3,24,22,6,5,17,14.6666666666667
392,44,1,3,19,1,0,0,0,14.6666666666667
1039,44,0,3,23,12,11,11,11,14.6666666666667
1471,44,0,3,7,5,2,0,3,14.6666666666667
1523,44,0,3,24,20,6,14,17,14.6666666666667
10,59,0,4,12,1,0,0,0,14.75
228,30,0,2,12,10,9,7,4,15
548,30,0,2,11,5,4,0,2,15
1754,30,0,2,12,7,7,1,7,15
544,45,0,3,8,2,2,0,2,15
996,45,0,3,8,5,3,0,2,15
1045,45,0,3,26,9,3,1,1,15
1306,45,0,3,22,0,0,0,0,15
1712,45,0,3,25,23,15,14,4,15
573,60,0,4,22,18,13,13,11,15
38,46,0,3,22,2,2,2,1,15.3333333333333
363,46,0,3,28,7,7,7,7,15.3333333333333
1124,46,0,3,23,12,9,4,9,15.3333333333333
1857,46,0,3,12,9,8,4,7,15.3333333333333
650,31,1,2,9,3,1,1,2,15.5
1736,31,0,2,9,5,4,1,4,15.5
1761,31,1,2,10,1,0,0,0,15.5
1833,31,0,2,9,3,2,2,2,15.5
1912,31,0,2,8,5,2,1,4,15.5
467,47,0,3,5,0,0,0,0,15.6666666666667
1443,47,0,3,26,20,17,5,6,15.6666666666667
1503,47,0,3,11,5,4,1,2,15.6666666666667
330,32,0,2,6,4,3,1,2,16
859,32,0,2,8,5,2,0,3,16
1516,32,0,2,10,5,2,0,0,16
1764,32,0,2,12,7,7,0,7,16
473,48,0,3,15,0,0,0,0,16
712,48,0,3,12,2,2,2,2,16
1900,48,0,3,24,22,17,4,7,16
1420,49,1,3,20,4,3,1,3,16.3333333333333
1484,49,0,3,29,8,7,0,7,16.3333333333333
1655,49,0,3,27,4,2,1,2,16.3333333333333
1757,49,0,3,8,5,1,0,4,16.3333333333333
1941,49,0,3,28,5,4,4,3,16.3333333333333
52,33,0,2,10,5,3,1,3,16.5
1515,33,0,2,14,0,0,0,0,16.5
1560,33,0,2,8,2,2,2,2,16.5
1758,33,1,2,11,0,0,0,0,16.5
141,50,0,3,28,8,3,0,7,16.6666666666667
226,50,0,3,21,5,4,4,4,16.6666666666667
323,50,0,3,32,7,0,0,6,16.6666666666667
385,50,0,3,28,10,4,1,6,16.6666666666667
723,50,1,3,18,4,3,1,3,16.6666666666667
1005,50,0,3,22,12,11,1,5,16.6666666666667
1113,50,1,3,5,0,0,0,0,16.6666666666667
31,34,1,2,8,4,2,1,3,17
153,34,0,2,14,11,10,5,8,17
247,34,0,2,9,3,2,1,2,17
797,34,0,2,10,4,2,1,3,17
1140,34,0,2,5,3,2,0,2,17
1882,34,0,2,9,5,3,1,0,17
2068,34,0,2,6,4,3,1,2,17
116,51,0,3,10,4,2,0,3,17
145,51,0,3,23,13,12,12,8,17
258,51,0,3,21,7,7,1,0,17
1367,51,0,3,29,5,2,0,3,17
630,52,0,3,18,10,9,6,9,17.3333333333333
867,52,0,3,31,9,8,0,0,17.3333333333333
70,35,0,2,10,4,0,2,3,17.5
771,35,0,2,16,1,0,0,0,17.5
1182,35,0,2,15,7,7,6,4,17.5
1412,35,0,2,10,2,2,2,2,17.5
1728,35,0,2,17,7,7,0,7,17.5
1804,35,0,2,15,7,7,1,7,17.5
386,53,0,3,21,5,3,1,3,17.6666666666667
730,53,0,3,32,5,1,1,3,17.6666666666667
1201,53,0,3,26,7,7,4,7,17.6666666666667
1689,53,0,3,11,4,3,1,2,17.6666666666667
405,18,1,1,0,0,0,0,0,18
411,18,0,1,0,0,0,0,0,18
614,18,1,1,0,0,0,0,0,18
1012,18,0,1,0,0,0,0,0,18
1156,18,1,1,0,0,0,0,0,18
1368,18,0,1,0,0,0,0,0,18
1624,18,1,1,0,0,0,0,0,18
1839,18,0,1,0,0,0,0,0,18
699,36,0,2,13,3,2,0,2,18
949,36,0,2,8,6,2,0,1,18
1133,36,0,2,18,11,9,0,9,18
1237,36,0,2,17,7,7,7,7,18
1362,36,0,2,17,15,7,6,13,18
1659,36,0,2,15,4,3,1,3,18
1908,36,0,2,12,4,2,1,3,18
450,54,0,3,20,4,3,0,3,18
1250,54,0,3,36,10,9,0,9,18
1520,54,0,3,26,14,9,1,12,18
1665,54,0,3,36,10,8,4,7,18
1969,54,0,3,9,4,3,2,3,18
106,55,0,3,24,1,0,1,0,18.3333333333333
389,55,0,3,12,10,7,0,8,18.3333333333333
597,55,0,3,37,10,9,7,7,18.3333333333333
1034,55,0,3,17,8,7,6,7,18.3333333333333
1096,55,0,3,23,3,2,1,2,18.3333333333333
152,37,0,2,12,5,3,1,3,18.5
340,37,0,2,17,3,1,0,2,18.5
380,37,0,2,15,5,2,0,2,18.5
518,37,0,2,18,1,0,0,1,18.5
1105,37,0,2,8,1,0,0,0,18.5
167,19,1,1,0,0,0,0,0,19
201,19,0,1,1,1,0,0,0,19
243,19,1,1,1,1,0,1,0,19
959,19,1,1,1,1,0,0,0,19
1193,19,0,1,1,1,1,0,0,19
1248,19,1,1,1,1,1,0,0,19
1269,19,0,1,1,1,0,0,1,19
837,38,0,2,13,4,3,1,2,19
1583,38,0,2,8,3,2,1,2,19
1835,38,0,2,20,4,2,0,3,19
1940,38,0,2,10,5,2,0,3,19
1997,38,0,2,10,8,3,7,7,19
223,57,0,3,12,5,3,1,4,19
568,57,0,3,32,1,0,0,0,19
1423,58,0,3,32,9,8,1,5,19.3333333333333
1458,39,1,2,11,1,0,0,0,19.5
1588,39,0,2,11,7,6,7,6,19.5
1618,39,0,2,10,7,7,7,7,19.5
1812,39,0,2,7,2,1,2,2,19.5
2022,39,0,2,21,6,0,1,3,19.5
309,59,0,3,7,1,0,0,0,19.6666666666667
1032,59,0,3,30,5,3,4,3,19.6666666666667
1048,59,0,3,14,6,4,0,4,19.6666666666667
137,20,1,1,1,1,0,1,0,20
657,20,0,1,1,1,0,0,0,20
701,20,1,1,1,1,0,1,1,20
922,20,1,1,2,2,2,0,2,20
960,20,1,1,1,1,0,0,0,20
1016,20,1,1,1,1,0,0,0,20
1077,20,1,1,2,2,2,0,2,20
1198,20,0,1,2,2,2,1,2,20
1226,20,0,1,2,2,1,2,2,20
1657,20,0,1,2,2,2,2,2,20
1680,20,0,1,2,2,2,0,2,20
453,40,0,2,6,4,3,0,2,20
492,40,1,2,8,6,4,1,0,20
954,40,0,2,11,1,0,0,0,20
1318,40,1,2,9,5,4,1,0,20
1468,40,0,2,16,9,8,4,8,20
1474,40,0,2,8,3,1,1,2,20
1724,40,0,2,18,1,0,0,0,20
1829,40,0,2,15,7,4,7,7,20
1892,40,0,2,22,19,7,11,16,20
2048,40,0,2,8,2,2,2,2,20
2051,40,0,2,20,5,3,0,2,20
1697,60,0,3,19,1,0,0,0,20
200,41,0,2,7,5,0,1,4,20.5
334,41,0,2,17,1,0,0,0,20.5
616,41,0,2,10,8,7,0,7,20.5
957,41,0,2,20,18,13,2,17,20.5
999,41,0,2,21,18,16,0,11,20.5
1448,41,0,2,7,4,2,0,3,20.5
2037,41,0,2,14,5,4,0,4,20.5
30,21,0,1,0,0,0,0,0,21
379,21,0,1,3,3,2,1,0,21
478,21,1,1,3,3,2,1,2,21
484,21,0,1,3,3,2,2,2,21
494,21,1,1,1,1,0,0,0,21
669,21,0,1,3,3,2,1,2,21
923,21,1,1,1,1,0,0,0,21
1079,21,1,1,1,1,0,1,0,21
1131,21,0,1,2,2,2,2,2,21
1279,21,1,1,2,2,2,2,2,21
1623,21,0,1,3,2,2,2,2,21
1780,21,1,1,1,1,0,1,0,21
2021,21,0,1,2,2,2,1,2,21
270,42,0,2,11,5,3,0,2,21
468,42,0,2,16,1,0,0,0,21
547,42,0,2,19,5,4,0,2,21
894,42,0,2,17,5,3,1,3,21
1547,42,0,2,24,20,8,13,9,21
22,22,0,1,1,1,0,0,0,22
144,22,0,1,1,0,0,0,0,22
217,22,0,1,2,2,2,2,2,22
284,22,0,1,4,4,2,2,2,22
511,22,0,1,2,2,1,1,2,22
1019,22,0,1,4,4,3,1,1,22
1605,22,0,1,4,4,2,1,3,22
1783,22,1,1,1,1,0,0,0,22
1878,22,1,1,1,1,0,0,0,22
40,44,0,2,9,4,2,1,3,22
744,44,0,2,9,5,2,1,4,22
874,44,0,2,10,3,2,0,2,22
1206,44,0,2,6,0,0,0,0,22
1903,44,0,2,10,2,0,2,2,22
86,45,0,2,25,1,0,0,0,22.5
684,45,1,2,5,1,1,0,0,22.5
1277,45,1,2,26,24,10,1,11,22.5
1460,45,0,2,24,7,7,0,7,22.5
465,23,0,1,4,4,2,0,2,23
758,23,0,1,5,4,3,0,2,23
784,23,0,1,2,2,2,0,2,23
811,23,1,1,1,0,0,0,0,23
1270,23,0,1,1,1,0,0,1,23
1684,23,1,1,5,5,4,1,2,23
1702,23,1,1,3,3,2,0,2,23
1735,23,0,1,3,3,2,1,2,23
1982,23,0,1,5,5,2,1,4,23
2023,23,1,1,1,1,0,1,0,23
124,46,0,2,21,10,9,9,5,23
487,46,0,2,7,1,0,0,0,23
550,46,0,2,19,10,7,0,8,23
580,46,0,2,15,3,2,1,2,23
1228,46,0,2,12,6,3,1,4,23
1280,46,0,2,26,11,4,0,8,23
1863,46,0,2,25,19,17,2,8,23
728,47,0,2,20,7,7,1,7,23.5
1993,47,0,2,25,17,14,12,11,23.5
507,24,0,1,5,5,2,0,3,24
554,24,1,1,6,5,3,1,4,24
639,24,0,1,6,6,5,1,4,24
643,24,0,1,1,1,0,0,0,24
647,24,1,1,6,6,3,1,2,24
812,24,0,1,1,1,0,0,0,24
1009,24,0,1,5,4,2,3,2,24
1219,24,1,1,1,1,0,0,0,24
1445,24,0,1,5,5,4,0,3,24
1495,24,0,1,1,1,0,0,0,24
1646,24,0,1,6,6,3,1,3,24
1707,24,0,1,5,5,3,0,4,24
1725,24,0,1,6,6,2,1,2,24
1981,24,0,1,4,4,3,1,2,24
595,48,0,2,14,9,7,6,7,24
1022,48,0,2,19,2,2,2,2,24
1116,48,0,2,27,5,4,2,1,24
1644,48,0,2,23,2,2,2,2,24
1691,48,1,2,19,9,7,7,7,24
887,49,0,2,7,4,2,0,2,24.5
1256,49,0,2,23,1,0,0,0,24.5
1473,49,0,2,20,3,2,1,2,24.5
1661,49,0,2,30,15,11,2,12,24.5
2065,49,0,2,17,9,6,0,8,24.5
142,25,1,1,6,6,4,0,3,25
143,25,0,1,2,2,2,2,1,25
369,25,0,1,6,6,3,1,5,25
527,25,0,1,5,5,4,1,3,25
645,25,0,1,7,7,4,0,6,25
781,25,0,1,6,6,5,1,4,25
879,25,0,1,5,5,3,0,3,25
885,25,0,1,5,5,2,0,3,25
952,25,1,1,1,1,0,0,0,25
1106,25,1,1,7,7,7,5,6,25
1273,25,1,1,1,1,0,1,0,25
1303,25,0,1,2,2,2,2,1,25
1653,25,0,1,7,7,7,0,7,25
249,50,0,2,5,3,2,0,2,25
1061,50,0,2,29,8,1,7,7,25
1215,50,0,2,32,2,2,2,2,25
1606,50,0,2,32,30,8,12,13,25
179,51,1,2,18,4,2,0,3,25.5
211,51,0,2,10,1,0,0,0,25.5
851,51,0,2,29,20,6,4,17,25.5
1391,51,0,2,14,4,2,3,2,25.5
1786,51,0,2,15,2,2,2,2,25.5
55,26,1,1,1,1,0,0,1,26
164,26,0,1,5,5,4,4,3,26
384,26,0,1,6,6,5,1,4,26
390,26,0,1,5,5,3,3,3,26
401,26,1,1,8,8,7,7,4,26
476,26,0,1,8,8,7,7,7,26
560,26,0,1,3,3,2,0,2,26
622,26,1,1,1,1,0,0,0,26
641,26,0,1,6,5,3,1,4,26
686,26,0,1,3,3,2,0,2,26
848,26,1,1,8,8,7,1,7,26
956,26,0,1,7,7,7,0,7,26
1018,26,0,1,8,8,7,1,3,26
1068,26,0,1,5,5,3,1,3,26
1083,26,0,1,6,5,3,1,3,26
1107,26,1,1,1,1,1,0,0,26
1177,26,0,1,8,8,7,0,7,26
1275,26,0,1,8,8,5,2,2,26
1581,26,0,1,1,1,0,0,0,26
1693,26,0,1,7,7,7,5,7,26
1718,26,0,1,3,3,2,0,2,26
1836,26,0,1,5,5,3,1,2,26
1893,26,0,1,1,1,0,1,0,26
433,52,1,2,11,8,2,7,7,26
543,52,0,2,28,5,4,0,4,26
546,52,0,2,31,5,2,1,4,26
976,52,0,2,26,9,8,7,8,26
1401,52,0,2,24,5,3,0,2,26
2019,52,0,2,16,9,8,0,0,26
23,53,0,2,31,25,8,3,7,26.5
205,53,0,2,13,7,7,4,5,26.5
769,53,0,2,19,2,2,2,2,26.5
1050,53,0,2,30,15,7,6,12,26.5
54,27,0,1,1,1,0,0,0,27
56,27,0,1,9,9,8,1,7,27
224,27,0,1,1,1,1,0,1,27
260,27,0,1,7,7,7,0,3,27
293,27,0,1,7,7,7,0,7,27
434,27,0,1,4,4,3,1,2,27
437,27,0,1,5,5,4,0,4,27
458,27,0,1,8,8,7,0,7,27
497,27,0,1,5,5,2,0,4,27
714,27,0,1,6,6,5,0,4,27
725,27,0,1,9,9,7,0,7,27
733,27,0,1,9,9,7,1,7,27
844,27,0,1,9,9,8,0,8,27
850,27,0,1,0,0,0,0,0,27
933,27,0,1,1,1,1,0,0,27
1094,27,0,1,3,3,2,1,2,27
1162,27,0,1,4,4,2,2,2,27
1244,27,0,1,9,9,7,6,8,27
1259,27,0,1,5,5,3,0,3,27
1403,27,0,1,6,6,2,4,4,27
1405,27,1,1,8,8,2,7,7,27
1619,27,0,1,7,7,7,0,7,27
1751,27,0,1,6,6,2,1,4,27
1864,27,0,1,9,9,8,5,8,27
1931,27,0,1,6,5,3,1,2,27
1965,27,0,1,7,7,7,0,7,27
2064,27,0,1,6,6,2,0,3,27
303,54,0,2,16,6,2,0,5,27
84,55,0,2,21,5,0,0,2,27.5
505,55,0,2,30,5,4,1,2,27.5
1424,55,0,2,31,7,7,0,0,27.5
65,28,1,1,2,2,2,2,2,28
129,28,0,1,5,5,4,0,4,28
221,28,0,1,5,5,2,0,2,28
377,28,0,1,5,5,2,0,4,28
395,28,0,1,5,5,3,0,2,28
498,28,0,1,7,7,5,0,7,28
536,28,0,1,10,10,0,1,8,28
846,28,0,1,8,8,7,7,5,28
916,28,0,1,4,4,2,0,2,28
1056,28,0,1,1,1,0,0,0,28
1082,28,1,1,10,10,7,1,9,28
1102,28,0,1,4,4,2,2,2,28
1111,28,1,1,1,1,0,0,0,28
1154,28,0,1,3,3,1,0,2,28
1175,28,1,1,1,1,1,0,0,28
1216,28,0,1,6,6,5,3,3,28
1296,28,0,1,2,2,2,2,2,28
1387,28,0,1,5,5,3,0,4,28
1506,28,0,1,1,1,0,0,0,28
1514,28,0,1,8,8,6,1,7,28
1604,28,1,1,1,1,1,0,0,28
1799,28,0,1,5,5,3,0,3,28
1834,28,0,1,3,3,2,1,2,28
1875,28,0,1,1,1,0,0,0,28
1927,28,0,1,7,7,7,0,7,28
1947,28,0,1,5,5,3,1,4,28
1071,56,0,2,18,5,4,0,3,28
1441,56,0,2,5,3,2,1,0,28
482,57,0,2,15,3,2,1,2,28.5
20,29,0,1,10,10,9,8,8,29
208,29,0,1,10,10,7,0,9,29
283,29,1,1,10,10,4,1,9,29
312,29,0,1,11,11,10,4,1,29
315,29,1,1,4,4,3,0,1,29
346,29,0,1,6,6,5,1,5,29
388,29,0,1,10,10,7,0,9,29
454,29,1,1,7,7,7,0,7,29
463,29,0,1,7,7,7,1,7,29
469,29,0,1,4,4,3,0,2,29
564,29,0,1,10,10,2,0,7,29
690,29,0,1,6,6,0,1,2,29
710,29,0,1,10,10,7,2,8,29
749,29,0,1,1,1,0,0,0,29
766,29,0,1,2,2,2,2,2,29
816,29,1,1,1,1,0,0,0,29
824,29,0,1,10,10,7,0,7,29
974,29,0,1,3,3,1,0,2,29
1150,29,0,1,10,10,7,1,2,29
1165,29,1,1,11,11,8,3,10,29
1192,29,0,1,10,10,8,0,8,29
1249,29,0,1,3,3,2,1,2,29
1260,29,0,1,6,6,0,1,0,29
1497,29,0,1,10,10,7,0,4,29
1586,29,0,1,10,10,9,1,5,29
1590,29,0,1,6,6,4,1,3,29
1669,29,0,1,10,10,0,0,9,29
1752,29,1,1,2,2,2,2,2,29
1762,29,0,1,1,1,0,0,0,29
1852,29,0,1,11,11,8,3,10,29
1868,29,1,1,1,1,0,1,0,29
1928,29,1,1,1,1,0,0,0,29
2054,29,0,1,5,5,4,0,4,29
422,58,0,2,12,5,3,1,2,29
940,58,0,2,24,6,0,0,4,29
1837,58,0,2,23,2,2,2,2,29
11,30,0,1,1,1,0,0,0,30
41,30,0,1,10,10,0,1,8,30
57,30,0,1,12,12,8,3,7,30
104,30,0,1,10,10,8,3,0,30
117,30,0,1,11,11,10,10,8,30
121,30,0,1,11,11,8,2,7,30
159,30,0,1,10,10,7,0,9,30
194,30,0,1,5,5,4,0,4,30
239,30,0,1,12,12,9,6,10,30
292,30,0,1,12,11,8,5,8,30
441,30,0,1,11,10,8,1,9,30
456,30,0,1,10,10,9,1,2,30
508,30,0,1,1,1,0,0,0,30
648,30,1,1,1,1,0,0,0,30
680,30,0,1,1,1,0,0,0,30
1179,30,0,1,10,10,3,1,4,30
1224,30,0,1,10,10,7,8,9,30
1321,30,0,1,9,9,1,0,8,30
1482,30,0,1,1,1,0,0,0,30
1562,30,1,1,10,10,8,6,7,30
1609,30,0,1,6,6,4,1,1,30
1729,30,0,1,10,10,0,0,8,30
1876,30,1,1,1,1,0,0,0,30
1989,30,0,1,12,12,8,1,7,30
16,31,0,1,5,5,2,4,3,31
95,31,0,1,1,1,1,1,0,31
98,31,0,1,11,11,7,1,8,31
399,31,0,1,2,2,2,2,2,31
442,31,0,1,10,10,9,8,9,31
462,31,0,1,11,11,9,4,10,31
524,31,0,1,13,13,10,3,12,31
530,31,0,1,4,4,2,3,2,31
581,31,0,1,13,13,8,0,8,31
947,31,0,1,9,9,8,0,0,31
1011,31,0,1,4,4,3,0,3,31
1160,31,1,1,2,2,2,2,2,31
1251,31,0,1,6,6,5,0,1,31
1252,31,0,1,10,10,9,1,8,31
1324,31,0,1,10,10,8,9,6,31
1331,31,1,1,3,3,2,2,2,31
1389,31,1,1,10,10,2,6,7,31
1427,31,1,1,1,1,0,0,0,31
1433,31,1,1,1,1,0,0,0,31
1453,31,0,1,13,13,7,9,9,31
1459,31,1,1,10,10,8,4,7,31
1537,31,1,1,7,7,2,7,7,31
1673,31,0,1,10,10,0,0,2,31
1721,31,0,1,6,5,2,0,3,31
1749,31,0,1,6,5,2,0,2,31
1784,31,0,1,13,12,7,5,7,31
1881,31,0,1,10,10,8,0,2,31
1948,31,0,1,4,4,2,2,3,31
1956,31,0,1,10,10,8,8,7,31
1967,31,1,1,10,10,7,0,8,31
1974,31,0,1,1,1,0,0,0,31
33,32,1,1,10,10,2,6,7,32
78,32,0,1,9,9,8,7,8,32
96,32,0,1,10,10,4,0,9,32
125,32,0,1,12,11,8,5,7,32
134,32,0,1,1,1,0,0,0,32
207,32,0,1,9,9,8,3,7,32
291,32,1,1,14,14,8,9,8,32
359,32,0,1,5,5,1,0,3,32
420,32,0,1,13,13,8,4,8,32
436,32,0,1,13,13,12,11,9,32
471,32,0,1,8,8,0,0,7,32
679,32,0,1,6,6,4,0,5,32
722,32,0,1,10,10,7,0,8,32
772,32,0,1,10,10,8,4,7,32
830,32,0,1,14,14,13,6,8,32
889,32,0,1,10,10,8,5,3,32
911,32,1,1,1,1,0,0,1,32
966,32,0,1,8,8,7,6,3,32
1190,32,0,1,1,1,0,0,0,32
1234,32,0,1,2,2,2,2,2,32
1304,32,0,1,10,10,7,0,8,32
1309,32,1,1,10,10,4,1,1,32
1692,32,1,1,1,1,0,0,0,32
2010,32,0,1,6,6,2,4,1,32
2016,32,0,1,14,14,10,5,7,32
2038,32,0,1,4,4,2,1,2,32
5,33,0,1,8,8,7,3,0,33
73,33,0,1,15,15,14,8,12,33
252,33,0,1,8,8,7,1,6,33
338,33,0,1,2,2,2,0,2,33
485,33,1,1,1,1,0,0,0,33
702,33,1,1,10,10,8,9,7,33
780,33,1,1,10,10,9,7,8,33
855,33,0,1,9,9,8,0,8,33
992,33,0,1,10,10,8,6,0,33
998,33,0,1,6,6,5,1,2,33
1101,33,1,1,14,13,7,3,8,33
1220,33,0,1,10,10,7,0,1,33
1545,33,0,1,5,5,3,0,2,33
1549,33,0,1,15,15,14,5,7,33
1670,33,0,1,6,6,2,0,4,33
1681,33,0,1,7,6,5,1,2,33
1698,33,0,1,14,14,11,2,13,33
1924,33,0,1,10,10,4,0,9,33
1970,33,0,1,9,9,7,2,8,33
1994,33,0,1,1,1,1,0,0,33
110,34,0,1,5,5,2,1,3,34
138,34,0,1,16,16,13,2,10,34
147,34,1,1,9,9,7,0,6,34
256,34,0,1,10,10,9,1,9,34
277,34,0,1,5,5,3,2,0,34
621,34,0,1,10,10,7,5,7,34
649,34,0,1,6,6,5,1,3,34
666,34,0,1,8,8,2,0,6,34
683,34,0,1,10,10,9,8,8,34
717,34,0,1,9,8,7,7,7,34
786,34,0,1,6,6,5,1,4,34
804,34,0,1,6,6,5,1,3,34
838,34,0,1,6,5,2,1,3,34
934,34,0,1,1,1,0,1,0,34
1055,34,0,1,1,1,1,0,0,34
1163,34,0,1,6,6,5,1,3,34
1356,34,0,1,10,10,8,9,6,34
1374,34,0,1,5,5,4,0,0,34
1383,34,0,1,14,14,11,4,11,34
1535,34,0,1,10,10,9,8,6,34
1577,34,0,1,1,1,0,0,0,34
1597,34,0,1,8,8,2,7,7,34
1615,34,0,1,9,9,7,7,2,34
1658,34,0,1,11,11,8,7,9,34
1696,34,0,1,15,15,10,4,13,34
1701,34,0,1,10,10,9,8,7,34
1774,34,0,1,15,15,14,0,7,34
1823,34,0,1,10,10,8,4,8,34
1905,34,1,1,5,5,2,3,0,34
1932,34,0,1,16,15,10,6,11,34
1950,34,0,1,14,14,8,2,1,34
1951,34,0,1,9,8,7,1,1,34
2035,34,0,1,8,8,7,1,7,34
49,35,0,1,2,2,2,2,2,35
53,35,0,1,1,1,0,0,0,35
63,35,0,1,1,1,0,0,1,35
74,35,0,1,9,9,8,1,8,35
105,35,0,1,6,6,4,0,4,35
204,35,0,1,10,10,8,0,6,35
314,35,0,1,10,10,7,0,8,35
620,35,0,1,5,5,4,0,3,35
691,35,0,1,17,17,11,11,8,35
704,35,0,1,1,1,0,0,0,35
805,35,0,1,3,3,2,0,2,35
856,35,0,1,6,6,5,1,1,35
880,35,0,1,17,17,14,5,15,35
881,35,1,1,10,10,2,7,8,35
942,35,0,1,10,10,6,0,7,35
975,35,0,1,5,5,2,1,0,35
1010,35,1,1,5,4,2,0,2,35
1014,35,0,1,16,16,10,10,1,35
1028,35,0,1,3,3,2,1,2,35
1137,35,0,1,5,5,2,0,2,35
1185,35,0,1,2,2,2,2,2,35
1350,35,0,1,9,9,6,1,1,35
1492,35,0,1,1,1,0,0,0,35
1529,35,0,1,11,11,8,3,3,35
1564,35,0,1,3,3,0,1,2,35
1569,35,1,1,1,1,0,0,0,35
1596,35,0,1,10,10,9,6,8,35
1601,35,0,1,1,1,0,0,1,35
1621,35,0,1,16,16,15,1,10,35
1630,35,0,1,15,14,11,2,9,35
1797,35,1,1,10,10,7,7,7,35
1962,35,0,1,10,10,8,0,9,35
2008,35,0,1,10,10,7,0,8,35
2049,35,0,1,10,10,2,0,2,35
2052,35,0,1,4,4,3,1,1,35
83,36,0,1,17,17,14,12,8,36
85,36,0,1,6,6,5,0,3,36
286,36,0,1,8,8,1,1,7,36
513,36,0,1,10,10,9,9,0,36
592,36,0,1,10,10,3,9,7,36
789,36,0,1,10,10,7,0,9,36
857,36,0,1,18,18,14,4,11,36
967,36,1,1,16,16,7,3,7,36
1042,36,1,1,18,17,13,15,14,36
1221,36,0,1,7,7,7,1,7,36
1257,36,0,1,12,11,10,0,7,36
1435,36,0,1,10,10,4,1,8,36
1880,36,0,1,10,10,9,1,7,36
1949,36,0,1,5,5,4,0,2,36
2036,36,0,1,15,15,12,11,11,36
77,37,0,1,7,7,5,0,7,37
267,37,0,1,8,8,7,1,7,37
306,37,0,1,10,10,8,0,7,37
391,37,0,1,17,17,12,5,7,37
403,37,0,1,4,4,2,1,2,37
515,37,0,1,18,18,7,12,17,37
626,37,0,1,9,9,5,7,7,37
689,37,0,1,10,10,7,7,8,37
904,37,0,1,10,10,0,0,9,37
1196,37,0,1,14,14,8,3,11,37
1543,37,0,1,10,10,8,3,7,37
1640,37,0,1,8,8,4,7,7,37
1700,37,0,1,6,6,3,1,3,37
1787,37,0,1,5,5,2,0,3,37
1809,37,1,1,10,10,3,0,8,37
2017,37,0,1,16,16,11,6,8,37
79,38,0,1,10,10,3,9,9,38
245,38,0,1,2,2,2,2,1,38
382,38,0,1,8,8,0,7,7,38
556,38,0,1,1,1,0,0,0,38
950,38,0,1,15,15,12,5,11,38
983,38,0,1,6,5,3,1,3,38
1382,38,0,1,4,4,2,0,3,38
1675,38,0,1,4,4,3,3,3,38
1782,38,0,1,5,5,4,0,4,38
1937,38,0,1,20,20,11,0,7,38
2041,38,0,1,10,10,7,1,9,38
429,39,0,1,21,21,9,11,10,39
444,39,0,1,21,21,9,13,3,39
531,39,0,1,21,21,8,1,6,39
602,39,0,1,8,8,3,0,7,39
721,39,0,1,20,20,7,11,10,39
1026,39,0,1,21,21,6,11,8,39
1043,39,0,1,21,21,6,2,8,39
1737,39,0,1,9,9,8,5,8,39
1936,39,0,1,10,10,0,7,9,39
119,40,0,1,22,22,3,11,11,40
202,40,0,1,20,20,7,2,13,40
253,40,0,1,21,20,8,9,9,40
335,40,0,1,9,9,8,4,7,40
807,40,0,1,8,8,7,3,7,40
1066,40,0,1,8,7,7,7,5,40
1128,40,0,1,21,20,7,4,9,40
1346,40,0,1,9,9,8,8,8,40
1598,40,0,1,5,5,4,1,2,40
1628,40,0,1,18,18,15,14,12,40
1740,40,0,1,21,21,8,12,8,40
1985,40,0,1,10,10,9,9,4,40
58,41,1,1,23,22,15,15,8,41
248,41,1,1,4,4,3,0,2,41
410,41,0,1,22,22,10,0,4,41
488,41,1,1,8,8,7,7,7,41
534,41,0,1,10,10,7,0,7,41
1035,41,0,1,21,21,16,5,10,41
1085,41,0,1,10,10,6,0,8,41
1329,41,0,1,19,19,2,11,9,41
1708,41,0,1,10,10,8,8,7,41
1772,41,0,1,5,5,3,0,4,41
319,42,0,1,22,22,17,11,15,42
387,42,0,1,20,20,16,11,6,42
605,42,0,1,10,10,9,5,8,42
659,42,0,1,10,10,2,2,2,42
809,42,0,1,24,24,7,14,9,42
836,42,0,1,10,9,8,7,8,42
1480,42,0,1,12,12,9,5,8,42
1976,42,0,1,20,20,9,3,7,42
46,43,0,1,6,5,3,1,4,43
158,43,0,1,25,25,12,4,12,43
448,43,0,1,9,9,7,0,0,43
520,43,0,1,25,25,10,3,9,43
1402,43,0,1,20,20,7,1,8,43
1666,43,0,1,14,14,10,6,11,43
1706,43,0,1,10,10,9,8,8,43
1849,43,0,1,7,7,7,7,7,43
1971,43,0,1,10,10,9,0,9,43
913,44,0,1,8,8,7,7,1,44
1200,44,1,1,6,6,4,0,2,44
1225,44,0,1,20,20,11,13,17,44
1246,44,0,1,10,10,5,7,7,44
1288,44,0,1,26,25,9,14,13,44
1295,44,1,1,10,10,7,0,5,44
1475,44,0,1,6,5,2,1,3,44
1703,44,0,1,9,8,7,6,7,44
1792,44,1,1,6,5,3,2,3,44
425,45,0,1,24,24,9,9,11,45
834,45,0,1,1,1,0,0,0,45
972,45,0,1,9,9,7,0,8,45
1002,45,0,1,9,9,8,0,8,45
1117,45,0,1,15,15,10,4,12,45
1553,45,0,1,10,10,8,7,7,45
1611,45,0,1,10,10,7,1,4,45
1612,45,0,1,10,10,7,4,5,45
1635,45,0,1,10,10,7,3,9,45
1719,45,0,1,21,21,6,8,6,45
118,46,1,1,9,9,8,4,7,46
244,46,0,1,24,24,13,15,7,46
1602,46,0,1,27,26,0,0,12,46
376,47,1,1,10,10,7,9,9,47
820,47,0,1,26,26,14,3,0,47
925,47,0,1,3,3,2,1,2,47
987,47,0,1,20,19,10,2,7,47
1003,47,0,1,9,9,0,0,7,47
1363,48,0,1,11,10,9,0,8,48
2,49,0,1,10,10,7,1,7,49
170,49,0,1,16,15,11,5,11,49
275,49,0,1,7,7,7,1,7,49
638,49,0,1,31,31,9,0,9,49
840,49,1,1,9,9,8,7,7,49
1617,49,0,1,10,9,6,1,4,49
47,50,1,1,3,3,2,0,2,50
716,50,0,1,20,20,8,3,8,50
905,50,0,1,31,31,6,14,7,50
1539,50,0,1,32,32,6,13,9,50
353,51,0,1,1,1,0,0,0,51
329,52,0,1,33,33,7,15,12,52
776,52,0,1,34,34,6,1,16,52
1038,52,1,1,33,32,14,6,9,52
250,53,0,1,5,4,2,1,3,53
1278,55,0,1,34,33,9,15,0,55
1578,55,0,1,36,36,6,2,13,55
1907,56,1,1,5,4,2,1,0,56
2026,56,0,1,13,13,12,1,9,56
165,58,1,1,40,40,10,15,6,58
1308,58,0,1,2,2,2,2,2,58
